{"cameraMode":{"drawMode":0,"name":"Shaded","section":"Shading Mode"},"sceneLighting":true,"audioPlay":false,"sceneViewState":{"showFog":true,"showMaterialUpdate":false,"showSkybox":true,"showFlares":true,"showImageEffects":true,"showParticleSystems":true},"in2DMode":false,"pivot":{"x":25.651531219482423,"y":1.3978853225708008,"z":40.38858413696289},"rotation":{"x":-0.2082313895225525,"y":-0.624686062335968,"z":0.1777629405260086,"w":-0.7314046025276184},"size":4.440136432647705,"orthographic":false}