{"cameraMode":{"drawMode":0,"name":"Shaded","section":"Shading Mode"},"sceneLighting":true,"audioPlay":false,"sceneViewState":{"showFog":true,"showMaterialUpdate":false,"showSkybox":true,"showFlares":true,"showImageEffects":true,"showParticleSystems":true},"in2DMode":false,"pivot":{"x":3.8065757751464845,"y":-1.7813472747802735,"z":12.23654556274414},"rotation":{"x":-0.17987039685249329,"y":-0.7425329089164734,"z":0.22021467983722688,"w":-0.6064893007278442},"size":50.39598083496094,"orthographic":false}